{
  "pace": 1.06,
  "durations": [
    13.038004535147392,
    10.913378684807256,
    13.386303854875283,
    5.804988662131519,
    7.279455782312925,
    12.26013605442177,
    5.630839002267574,
    7.48843537414966,
    9.531791383219955,
    5.77015873015873,
    5.6540589569161,
    10.32126984126984,
    1.6253968253968254,
    13.165714285714285,
    5.050340136054421
  ]
}
